"","NucSubst","ExpFr","ObsFr","ObsToExp","MutSpec"
"1","A>C",1230,47,0.0382113821138211,0.00637781585124566
"2","A>G",1230,280,0.227642276422764,0.037995498688272
"3","A>T",1230,138,0.11219512195122,0.0187263529249341
"4","C>A",582,62,0.106529209621993,0.0177806623095706
"5","C>G",582,16,0.0274914089347079,0.00458855801537305
"6","C>T",582,1305,2.24226804123711,0.374254263128865
"7","G>A",277,141,0.509025270758123,0.0849607959967382
"8","G>C",277,26,0.0938628158844765,0.0156665297582638
"9","G>T",277,650,2.34657039711191,0.391663243956594
"10","T>A",2160,101,0.0467592592592593,0.00780453174941143
"11","T>C",2160,443,0.205092592592593,0.0342317580692006
"12","T>G",2160,77,0.0356481481481482,0.00594998955153148
