"","NucSubst","ExpFr","ObsFr","ObsToExp","MutSpec"
"1","A>C",14,31,2.21428571428571,0.0194764397905759
"2","A>G",15,68,4.53333333333333,0.0398743455497382
"3","A>T",14,71,5.07142857142857,0.0446073298429319
"4","C>A",7,57,8.14285714285714,0.0716230366492147
"5","C>G",7,2,0.285714285714286,0.0025130890052356
"6","C>T",7,50,7.14285714285714,0.06282722513089
"7","G>A",6,65,10.8333333333333,0.0952879581151833
"8","G>C",5,2,0.4,0.00351832460732984
"9","G>T",5,52,10.4,0.0914764397905759
"10","T>A",3,93,31,0.272670157068063
"11","T>C",3,55,18.3333333333333,0.161256544502618
"12","T>G",3,46,15.3333333333333,0.134869109947644
