"","NucSubst","ExpFr","ObsFr","ObsToExp","MutSpec"
"1","A>C",1230,264,0.214634146341463,0.00353289963398352
"2","A>G",1230,2940,2.39024390243902,0.0393436550148165
"3","A>T",1230,1332,1.08292682926829,0.0178250845169169
"4","C>A",582,585,1.00515463917526,0.0165449464466368
"5","C>G",582,92,0.15807560137457,0.00260194029588134
"6","C>T",582,13794,23.7010309278351,0.390121352623774
"7","G>A",277,1514,5.46570397111913,0.0899660370363855
"8","G>C",277,311,1.12274368231047,0.0184804739222694
"9","G>T",277,6322,22.8231046931408,0.375670598509927
"10","T>A",2160,920,0.425925925925926,0.0070107835750136
"11","T>C",2160,4533,2.09861111111111,0.0345433499408007
"12","T>G",2160,572,0.264814814814815,0.00435887848359541
