"","NucSubst","ExpFr","ObsFr","ObsToExp","MutSpec"
"1","A>C",170,31,0.182352941176471,0.00461546941838154
"2","A>G",170,361,2.12352941176471,0.0537478858076044
"3","A>T",170,100,0.588235294117647,0.0148886110270372
"4","C>A",110,99,0.9,0.0227795748713669
"5","C>G",110,7,0.0636363636363636,0.00161067701110675
"6","C>T",110,1363,12.3909090909091,0.313621823734072
"7","G>A",57,257,4.50877192982456,0.114119897503729
"8","G>C",57,48,0.842105263157895,0.0213142221018638
"9","G>T",57,853,14.9649122807018,0.378771488601871
"10","T>A",307,166,0.54071661237785,0.0136858828398368
"11","T>C",307,683,2.22475570032573,0.0563099878289671
"12","T>G",307,55,0.179153094462541,0.0045344792541628
