"","NucSubst","ExpFr","ObsFr","ObsToExp","MutSpec"
"1","A>C",81,19,0.234567901234568,0.00227429152826406
"2","A>G",81,241,2.97530864197531,0.0288475925427178
"3","A>T",81,109,1.34567901234568,0.0130472513989885
"4","C>A",24,29,1.20833333333333,0.0117155938594129
"5","C>G",24,27,1.125,0.0109076218691085
"6","C>T",24,1198,49.9166666666667,0.483975222192297
"7","G>A",12,53,4.41666666666667,0.0428225154861298
"8","G>C",12,8,0.666666666666667,0.00646377592243469
"9","G>T",12,438,36.5,0.353891731753299
"10","T>A",136,58,0.426470588235294,0.00413491547979278
"11","T>C",136,501,3.68382352941176,0.0357171147478652
"12","T>G",136,87,0.639705882352941,0.00620237321968917
